S_out,S_in,DS,-TDS
0.011743892899186543,0.0072737712143223715,-0.004470121684864172,1.3320962620895231
